{"success": true, "score": 75.14643237486688, "scoreJson": {"score": 75.14643237486688, "mean_recall": 75.14643237486688, "r1": 56.74920127795527, "r5": 80.77076677316293, "r10": 87.91932907348243}}