{"success": true, "score": 75.19968051118212, "scoreJson": {"score": 75.19968051118212, "mean_recall": 75.19968051118212, "r1": 56.50958466453674, "r5": 81.0702875399361, "r10": 88.01916932907349}}